{"cameraMode":{"drawMode":0,"name":"Shaded","section":"Shading Mode"},"sceneLighting":true,"audioPlay":false,"sceneViewState":{"m_AlwaysRefresh":false,"showFog":true,"showSkybox":true,"showFlares":true,"showImageEffects":true,"showParticleSystems":true,"showVisualEffectGraphs":true,"m_FxEnabled":true},"in2DMode":false,"pivot":{"x":-32.417694091796878,"y":-17.002079010009767,"z":-12.694145202636719},"rotation":{"x":0.2920767664909363,"y":-0.0028687247540801765,"z":0.0008769225096330047,"w":0.9563959836959839},"size":194.7797393798828,"orthographic":false}