{"cameraMode":{"drawMode":0,"name":"Shaded","section":"Shading Mode"},"sceneLighting":true,"audioPlay":false,"sceneViewState":{"m_AlwaysRefresh":false,"showFog":true,"showSkybox":true,"showFlares":true,"showImageEffects":true,"showParticleSystems":true,"showVisualEffectGraphs":true,"m_FxEnabled":true},"in2DMode":false,"pivot":{"x":3.0017170906066896,"y":-18.001005172729493,"z":-13.152729034423829},"rotation":{"x":0.2920767664909363,"y":-0.0028687247540801765,"z":0.0008769225096330047,"w":0.9563959836959839},"size":97.77406311035156,"orthographic":false}