{"cameraMode":{"drawMode":0,"name":"Shaded","section":"Shading Mode"},"sceneLighting":true,"audioPlay":false,"sceneViewState":{"m_AlwaysRefresh":false,"showFog":true,"showSkybox":true,"showFlares":true,"showImageEffects":true,"showParticleSystems":true,"showVisualEffectGraphs":true,"m_FxEnabled":true},"in2DMode":false,"pivot":{"x":-4.7971110343933109,"y":-10.001800537109375,"z":3.3656539916992189},"rotation":{"x":0.4330335259437561,"y":0.012168691493570805,"z":-0.005845552776008844,"w":0.9012802839279175},"size":116.15961456298828,"orthographic":false}